ativo,contexto,hora,lucro,mult_vies,padrao,regime,retcode,ticket,timestamp,tipo,volume,volume_base
EURUSD,"{'sessao': 'asia', 'volatilidade': 'baixa', 'volume_atipico': False, 'squeeze': True, 'bb_bandwidth': 0.0005992423323085207, 'std20': 0.00017560347116547356, 'std_ref_median': 0.0013145864129770761, 'regime': 'lateral'}",21:45:10,0,,,lateral,10009,293841330,2025-08-25 00:45:00,compra,0.2,
GBPUSD,"{'sessao': 'asia', 'volatilidade': 'baixa', 'volume_atipico': False, 'squeeze': True, 'bb_bandwidth': 0.0011558835812020172, 'std20': 0.0003904285766405007, 'std_ref_median': 0.0014069406418725464, 'regime': 'lateral'}",21:45:18,0,,,lateral,10009,293841405,2025-08-25 00:45:00,compra,0.2,
EURUSD,"{'sessao': 'asia', 'volatilidade': 'baixa', 'volume_atipico': False, 'squeeze': True, 'bb_bandwidth': 0.0005980316034746164, 'std20': 0.00017524419092415115, 'std_ref_median': 0.0013145864129780703, 'regime': 'lateral'}",21:50:47,0,,,lateral,10009,293843468,2025-08-25 00:50:00,compra,0.2,
GBPUSD,"{'sessao': 'asia', 'volatilidade': 'baixa', 'volume_atipico': False, 'squeeze': True, 'bb_bandwidth': 0.00125345353285159, 'std20': 0.000423447939735539, 'std_ref_median': 0.001406940641873547, 'regime': 'lateral'}",21:51:32,0,,,lateral,10009,293843652,2025-08-25 00:50:00,compra,0.2,
EURUSD,"{'sessao': 'asia', 'volatilidade': 'baixa', 'volume_atipico': True, 'squeeze': True, 'bb_bandwidth': 0.0012369104977660412, 'std20': 0.00036180250514909393, 'std_ref_median': 0.001314586412978244, 'regime': 'lateral'}",00:05:11,0,,interpretacao,lateral,10009,293887413,2025-08-25 03:05:00,compra,0.2,
GBPUSD,"{'sessao': 'asia', 'volatilidade': 'baixa', 'volume_atipico': True, 'squeeze': True, 'bb_bandwidth': 0.0011901411936004846, 'std20': 0.0004017262091938564, 'std_ref_median': 0.0014069406418819796, 'regime': 'lateral'}",00:05:19,0,,interpretacao,lateral,10009,293887483,2025-08-25 03:05:00,compra,0.2,
EURUSD,"{'sessao': 'asia', 'volatilidade': 'baixa', 'volume_atipico': True, 'squeeze': True, 'bb_bandwidth': 0.0013276556078925038, 'std20': 0.0003884056480889159, 'std_ref_median': 0.0013145864129774842, 'regime': 'lateral'}",00:10:07,0,,interpretacao,lateral,10009,293889238,2025-08-25 03:10:00,compra,0.2,
GBPUSD,"{'sessao': 'asia', 'volatilidade': 'baixa', 'volume_atipico': True, 'squeeze': True, 'bb_bandwidth': 0.0012878482613411125, 'std20': 0.000434722839477598, 'std_ref_median': 0.0014069406418822925, 'regime': 'lateral'}",00:10:15,0,,interpretacao,lateral,10009,293889286,2025-08-25 03:10:00,compra,0.2,
EURUSD,"{'sessao': 'asia', 'volatilidade': 'baixa', 'volume_atipico': False, 'squeeze': True, 'bb_bandwidth': 0.001502397846335637, 'std20': 0.00043940629811778885, 'std_ref_median': 0.0013145864129778574, 'regime': 'lateral'}",00:15:07,0,,interpretacao,lateral,10009,293890774,2025-08-25 03:15:00,compra,0.2,
GBPUSD,"{'sessao': 'asia', 'volatilidade': 'baixa', 'volume_atipico': True, 'squeeze': True, 'bb_bandwidth': 0.0014063060305944057, 'std20': 0.0004746353168558144, 'std_ref_median': 0.0014069406418826455, 'regime': 'lateral'}",00:15:15,0,,interpretacao,lateral,10009,293890829,2025-08-25 03:15:00,compra,0.2,
EURUSD,"{'sessao': 'asia', 'volatilidade': 'baixa', 'volume_atipico': True, 'squeeze': True, 'bb_bandwidth': 0.0013266585720240992, 'std20': 0.0003857525129873992, 'std_ref_median': 0.0014555041917769815, 'regime': 'lateral'}",00:05:57,0,1.0,,lateral,10009,294735373,2025-08-26 03:00:00,venda,0.2,0.2
GBPUSD,"{'sessao': 'asia', 'volatilidade': 'baixa', 'volume_atipico': True, 'squeeze': True, 'bb_bandwidth': 0.0010756172856484785, 'std20': 0.0003620904249542786, 'std_ref_median': 0.0015986870737222838, 'regime': 'lateral'}",00:10:01,0,1.0,,lateral,10009,294738047,2025-08-26 03:05:00,venda,0.2,0.2
EURUSD,"{'sessao': 'asia', 'volatilidade': 'baixa', 'volume_atipico': True, 'squeeze': True, 'bb_bandwidth': 0.0030001859317781926, 'std20': 0.000873766650306297, 'std_ref_median': 0.0014555041917759214, 'regime': 'lateral'}",00:14:40,0,1.0,,lateral,10009,294740751,2025-08-26 03:10:00,venda,0.2,0.2
GBPUSD,"{'sessao': 'asia', 'volatilidade': 'baixa', 'volume_atipico': True, 'squeeze': True, 'bb_bandwidth': 0.0019178219238361396, 'std20': 0.0006462148917913815, 'std_ref_median': 0.0015986870737205335, 'regime': 'lateral'}",00:18:31,0,1.0,,lateral,10009,294742440,2025-08-26 03:10:00,compra,0.2,0.2
EURUSD,"{'sessao': 'asia', 'volatilidade': 'baixa', 'volume_atipico': True, 'squeeze': True, 'bb_bandwidth': 0.0008285984639599477, 'std20': 0.00024111801002002977, 'std_ref_median': 0.0013272693053293326, 'regime': 'lateral'}",00:02:16,0,1.0,,lateral,10009,295550737,2025-08-27 03:00:00,compra,0.2,0.2
GBPUSD,"{'sessao': 'asia', 'volatilidade': 'baixa', 'volume_atipico': True, 'squeeze': True, 'bb_bandwidth': 0.0004991844117376423, 'std20': 0.00016818770792465199, 'std_ref_median': 0.0014061005060780043, 'regime': 'lateral'}",00:03:27,0,1.0,,lateral,10009,295550926,2025-08-27 03:00:00,compra,0.2,0.2
EURUSD,"{'sessao': 'asia', 'volatilidade': 'baixa', 'volume_atipico': True, 'squeeze': True, 'bb_bandwidth': 0.0008285984639599477, 'std20': 0.00024111801002002977, 'std_ref_median': 0.0013272693053293326, 'regime': 'lateral'}",00:05:01,0,1.0,,lateral,10009,295551293,2025-08-27 03:00:00,compra,0.2,0.2
GBPUSD,"{'sessao': 'asia', 'volatilidade': 'baixa', 'volume_atipico': False, 'squeeze': True, 'bb_bandwidth': 0.0004776045435383421, 'std20': 0.00016092168687705536, 'std_ref_median': 0.0014061005060631315, 'regime': 'lateral'}",00:05:39,0,1.0,,lateral,10009,295551389,2025-08-27 03:05:00,compra,0.2,0.2
